{
  "training_date": "2025-09-04T12:24:53.419353",
  "best_model": "LightGBM",
  "best_cv_score": 0.9231854838709678,
  "dataset_info": {
    "total_samples": 195,
    "features": 22,
    "feature_names": [
      "MDVP:Fo(Hz)",
      "MDVP:Fhi(Hz)",
      "MDVP:Flo(Hz)",
      "MDVP:Jitter(%)",
      "MDVP:Jitter(Abs)",
      "MDVP:RAP",
      "MDVP:PPQ",
      "Jitter:DDP",
      "MDVP:Shimmer",
      "MDVP:Shimmer(dB)",
      "Shimmer:APQ3",
      "Shimmer:APQ5",
      "MDVP:APQ",
      "Shimmer:DDA",
      "NHR",
      "HNR",
      "RPDE",
      "DFA",
      "spread1",
      "spread2",
      "D2",
      "PPE"
    ],
    "class_distribution": {
      "1": 147,
      "0": 48
    }
  },
  "model_performance": {
    "SVM_RBF": {
      "cv_score": 0.8526209677419356,
      "test_accuracy": 0.9487179487179487,
      "test_f1": 0.9666666666666667,
      "test_auc": 0.9758620689655173
    },
    "RandomForest": {
      "cv_score": 0.8850806451612904,
      "test_accuracy": 0.9230769230769231,
      "test_f1": 0.9491525423728814,
      "test_auc": 0.9758620689655173
    },
    "GradientBoosting": {
      "cv_score": 0.8586693548387098,
      "test_accuracy": 0.7948717948717948,
      "test_f1": 0.8571428571428571,
      "test_auc": 0.7948275862068964
    },
    "LogisticRegression": {
      "cv_score": 0.8141129032258064,
      "test_accuracy": 0.7692307692307693,
      "test_f1": 0.8235294117647058,
      "test_auc": 0.9275862068965517
    },
    "XGBoost": {
      "cv_score": 0.8977822580645162,
      "test_accuracy": 0.9230769230769231,
      "test_f1": 0.9491525423728814,
      "test_auc": 0.9793103448275863
    },
    "LightGBM": {
      "cv_score": 0.9231854838709678,
      "test_accuracy": 0.9230769230769231,
      "test_f1": 0.9491525423728814,
      "test_auc": 0.9758620689655173
    }
  }
}