{
  "0": {
    "precision": 0.8888888888888888,
    "recall": 0.8,
    "f1-score": 0.8421052631578947,
    "support": 10.0
  },
  "1": {
    "precision": 0.9333333333333333,
    "recall": 0.9655172413793104,
    "f1-score": 0.9491525423728814,
    "support": 29.0
  },
  "accuracy": 0.9230769230769231,
  "macro avg": {
    "precision": 0.9111111111111111,
    "recall": 0.8827586206896552,
    "f1-score": 0.8956289027653881,
    "support": 39.0
  },
  "weighted avg": {
    "precision": 0.9219373219373219,
    "recall": 0.9230769230769231,
    "f1-score": 0.9217045220613463,
    "support": 39.0
  }
}